{
        "veritabani_yapisi": {
        "personel": {
            "dosya": "itf_personel_vt",
            "sayfalar": [
                "Personel",
                "izin_giris",
                "izin_bilgi",
                "FHSZ_Puantaj",
                "Nobet",
                "Nobet_Degisim"
            ]
        },
        "cihaz": {
            "dosya": "itf_cihaz_vt",
            "sayfalar": [
                "Cihazlar",
                "cihaz_ariza",
                "ariza_islem",
                "Periyodik_Bakim",
                "Kalibrasyon"
            ]
        },
        "rke": {
            "dosya": "itf_rke_vt",
            "sayfalar": [
                "rke_list",
                "rke_muayene"
            ]
        },
        "user": {
            "dosya": "itf_user_vt",
            "sayfalar": [
                "user_login"
            ]
        },
        "sabit": {
            "dosya": "itf_sabit_vt",
            "sayfalar": [
                "Sabitler",
                "FHSZ_Kriter",
                "Vardiyalar",
                "Hizmet_Sorumlu",
                "firmalar",
                "Tatiller"
            ]
        }
    },
  "menu_yapilandirma": {
    
    "PERSONEL": [
      {"baslik": "Personel Listesi", "modul": "formlar.personel_listesi", "sinif": "PersonelListesiPenceresi"},
      {"baslik": "Personel Ekle", "modul": "formlar.personel_ekle", "sinif": "PersonelEklePenceresi"},
      {"baslik": "İzin Takip", "modul": "formlar.izin_takip_list", "sinif": "IzinGirisPenceresi"},
      {"baslik": "FHSZ Yönetim", "modul": "formlar.fhsz_Yonetim", "sinif": "FHSZYonetimPaneli"},
      {"baslik": "Personel Verileri", "modul": "formlar.user_dashboard", "sinif": "DashboardPenceresi"}
    ],
    "CİHAZ": [
      {"baslik": "Cihaz Listesi", "modul": "formlar.cihaz_listesi", "sinif": "CihazListesiPenceresi"},
      {"baslik": "Cihaz Ekle", "modul": "formlar.cihaz_ekle", "sinif": "CihazEklePenceresi"},
      {"baslik": "Ariza Kaydi", "modul": "formlar.ariza_kayit", "sinif": "ArizaKayitPenceresi"},
      {"baslik": "Ariza Listesi", "modul": "formlar.ariza_listesi", "sinif": "ArizaListesiPenceresi"},
      {"baslik": "Periyodik Bakim", "modul": "formlar.periyodik_bakim", "sinif": "PeriyodikBakimPenceresi"},
      {"baslik": "Kalibrasyon Takip", "modul": "formlar.kalibrasyon_ekle", "sinif": "KalibrasyonEklePenceresi"}
    ],
    "RKE": [
      {"baslik": "RKE Listesi", "modul": "formlar.rke_yonetim", "sinif": "RKEYonetimPenceresi"},
      {"baslik": "Muayene Girişi", "modul": "formlar.rke_muayene", "sinif": "RKEMuayenePenceresi"},
      {"baslik": "RKE Raporlama", "modul": "formlar.rke_rapor", "sinif": "RKERaporPenceresi"}
    ],
    "YÖNETİCİ İŞLEMLERİ": [
      {"baslik": "Yıl Sonu İzin", "modul": "araclar.yil_sonu_islemleri", "sinif": "YilSonuDevirYoneticisi"},
      {"baslik": "Ayarlar", "modul": "formlar.ayarlar", "sinif": "AyarlarPenceresi"}
    ]
  }
}